word,freq
expensive,72
issues,51
canceled,50
complaint,37
traffic,32
unreliable,28
waited,25
garbage,20
unnecessary,19
cheating,18
canceling,18
unsafe,17
dropped,17
greedy,16
concern,15
reported,14
refunded,14
nonsense,14
failed,13
deleting,12
stealing,11
rubbish,11
leaving,11
forcing,11
uninstalling,10
overcharge,10
horrendous,10
glitch,10
frustrated,10
urgently,9
unethical,9
talking,9
starting,9
sometime,9
search,9
receiving,9
random,9
providing,9
places,9
parcel,9
package,9
ordering,9
neither,9
navigation,9
missing,9
mention,9
member,9
inaccurate,9
forced,9
difference,9
decided,9
continue,9
contacting,9
confirming,9
beware,9
wanted,8
simple,8
shocking,8
running,8
requests,8
regarding,8
reasonable,8
quicker,8
public,8
problem,8
predatory,8
personal,8
outrageous,8
nowhere,8
moving,8
mostly,8
minimum,8
illegal,8
going_to,8
friends,8
facing,8
explain,8
experienced,8
esperando,8
emails,8
earlier,8
designed,8
depend,8
demanding,8
deleted,8
declined,8
connected,8
companies,8
cobran,8
checking,8
charges,8
button,8
android,8
allowed,8
according,8
accident,8
acceptable,8
walking,7
specific,7
software,7
simply,7
serviço,7
security,7
searching,7
screenshot,7
scamming,7
scammers,7
scammed,7
robbery,7
required,7
ratings,7
railway,7
quickly,7
purchase,7
precios,7
porque,7
plenty,7
placed,7
password,7
overpriced,7
nightmare,7
monthly,7
methods,7
mentioned,7
letting,7
invoice,7
instructions,7
installed,7
inflated,7
inconsistent,7
highway,7
frequently,7
frequent,7
forward,7
existent,7
example,7
estimates,7
estimate,7
esperar,7
dollar,7
display,7
depois,7
definitely,7
decent,7
created,7
course,7
couple,7
corridas,7
conversation,7
control,7
continuously,7
contacted,7
choosing,7
centre,7
believe,7
becomes,7
became,7
assistance,7
apparently,7
amazon,7
aceptan,7
worthless,6
walked,6
updating,6
triple,6
traveling,6
tonight,6
tipping,6
thieves,6
themselves,6
tarjeta,6
tarifas,6
tarifa,6
switching,6
stated,6
starts,6
specially,6
soporte,6
similar,6
section,6
responses,6
repeatedly,6
renewal,6
removed,6
reject,6
refunds,6
randomly,6
putting,6
profit,6
packages,6
overcharged,6
numbers,6
november,6
network,6
marked,6
knowing,6
irritating,6
interface,6
inconvenient,6
himself,6
helpline,6
happen,6
handle,6
gouging,6
gotten,6
fraudulent,6
forgot,6
follow,6
express,6
everyday,6
eventually,6
estimated,6
espera,6
endless,6
easier,6
distances,6
displayed,6
disabled,6
direction,6
difficult,6
destinations,6
deserve,6
describe,6
deducting,6
december,6
coupon,6
correctly,6
convenience,6
consumer,6
closer,6
closed,6
cliente,6
choice,6
causing,6
cancelan,6
billing,6
basically,6
automated,6
attention,6
attempt,6
although,6
alternatives,6
alternative,6
algorithm,6
agents,6
accounts,6
wonder,5
visible,5
version,5
urgent,5
updates,5
unusable,5
unhappy,5
tracking,5
technical,5
standing,5
sitting,5
seeing,5
school,5
ripping,5
rights,5
ridiculous,5
returning,5
results,5
restaurants,5
responsible,5
repeated,5
reinstall,5
regularly,5
refuses,5
raising,5
questions,5
quando,5
promotional,5
promotion,5
promos,5
profile,5
probably,5
practices,5
poorly,5
period,5
passed,5
parking,5
original,5
opción,5
numerous,5
navigate,5
monopoly,5
meters,5
messing,5
meeting,5
locate,5
intentionally,5
inside,5
increasing,5
inconvenience,5
included,5
identity,5
hidden,5
grocery,5
freezing,5
firstly,5
extreme,5
experiencia,5
everywhere,5
estaba,5
errors,5
ending,5
drives,5
disappoint,5
direct,5
dinero,5
digital,5
demanda,5
decide,5
crooks,5
create,5
costumer,5
constant,5
consider,5
complicated,5
completion,5
common,5
cobrar,5
cities,5
choferes,5
cheaters,5
cancle,5
budget,5
bought,5
boarding,5
bloody,5
behind,5
barely,5
banking,5
background,5
average,5
authorize,5
appointment,5
aplicativo,5
anytime,5
allowing,5
afford,5
adjustment,5
abusive,5
warning,4
useless,4
unexpected,4
tuesday,4
transporte,4
transit,4
transactions,4
timing,4
they've,4
surprise,4
suggestions,4
stoppage,4
standards,4
source,4
somehow,4
socios,4
social,4
slower,4
situations,4
signed,4
siempre,4
serious,4
secondly,4
searches,4
scooter,4
saturday,4
resulted,4
result,4
representative,4
realized,4
realise,4
purposely,4
purchased,4
provides,4
promotions,4
product,4
previously,4
position,4
polite,4
policy,4
pickups,4
peoples,4
people's,4
paypal,4
pagado,4
pésima,4
opposite,4
obvious,4
notification,4
noticed,4
nonexistent,4
nobody,4
mumbai,4
misleading,4
misbehaving,4
members,4
meaning,4
maximum,4
locked,4
llegar,4
jumped,4
invalid,4
internet,4
incompetent,4
immediate,4
imagine,4
ignoring,4
ignored,4
horrible,4
hasn't,4
halfway,4
glitches,4
generated,4
funciona,4
frustrating,4
flight,4
fixing,4
finished,4
features,4
failing,4
extortionate,4
experiences,4
evening,4
employees,4
effort,4
downloaded,4
doubles,4
doubled,4
delivering,4
delaying,4
dealing,4
currently,4
credits,4
coupons,4
costly,4
corporate,4
continues,4
construction,4
considering,4
connection,4
connecting,4
condition,4
concerns,4
concerning,4
completo,4
completamente,4
compensation,4
compensate,4
compare,4
communicate,4
comfort,4
collected,4
collect,4
claiming,4
claimed,4
circles,4
cheats,4
charger,4
center,4
brisbane,4
availability,4
australia,4
attempts,4
assign,4
arrives,4
approach,4
application,4
answers,4
annoying,4
algunos,4
affordable,4
advertising,4
addresses,4
abysmal,4
worked,3
walmart,3
vouchers,3
virtually,3
valuable,3
unwanted,3
unsubscribe,3
unresolved,3
unpaid,3
unnecessarily,3
unlike,3
uncomfortable,3
uberone,3
turning,3
trouble,3
travelling,3
travelled,3
transfer,3
trains,3
tráfico,3
tipped,3
thinking,3
también,3
também,3
switches,3
suspended,3
suggesting,3
sudden,3
submit,3
stressful,3
status,3
spending,3
specified,3
somebody,3
solutions,3
siquiera,3
signal,3
shopping,3
shittiest,3
sharing,3
settle,3
separate,3
sempre,3
selecting,3
seemed,3
screenshots,3
savings,3
ruppees,3
robbed,3
ripped,3
resulting,3
responsibility,3
responds,3
responded,3
removing,3
remains,3
relatives,3
reimbursed,3
reimburse,3
registered,3
regardless,3
reflected,3
rectify,3
reclamar,3
receipts,3
reasons,3
realmente,3
realize,3
rarely,3
raining,3
pushing,3
pueden,3
propaganda,3
processed,3
prioritize,3
pricey,3
prepared,3
practice,3
pounds,3
poorer,3
policies,3
police,3
playing,3
platforms,3
picture,3
phoned,3
permission,3
perder,3
patient,3
particular,3
público,3
pésimo,3
opportunity,3
openly,3
opening,3
opened,3
offline,3
offering,3
obviously,3
obrigado,3
normally,3
muitas,3
muchos,3
motivo,3
mother,3
moreover,3
medical,3
marketing,3
manner,3
manipulation,3
managed,3
magically,3
longest,3
logged,3
living,3
listen,3
listed,3
legitimate,3
lawsuit,3
launch,3
lastly,3
ladrones,3
kilometers,3
jacked,3
installing,3
insane,3
informing,3
inform,3
inflate,3
incredibly,3
incorrect,3
incomplete,3
in_case,3
impression,3
important,3
idiots,3
horrível,3
hopeless,3
honestly,3
history,3
hiring,3
highest,3
hicieron,3
hardly,3
harder,3
harassment,3
hadn't,3
groceries,3
grievance,3
good_car,3
generally,3
function,3
freezes,3
fooled,3
financial,3
figure,3
feeling,3
familiar,3
facility,3
extended,3
expired,3
expense,3
expects,3
expecting,3
executive,3
excuse,3
evidence,3
estimations,3
entire,3
encontrar,3
encima,3
elsewhere,3
eligible,3
efficient,3
duplicate,3
droped,3
driven,3
drastically,3
downloading,3
dismissive,3
dishonest,3
disgraceful,3
directions,3
differ,3
diferencia,3
didn’t,3
devices,3
device,3
designated,3
department,3
denied,3
demora,3
delays,3
delayed,3
deduct,3
deceptively,3
daylight,3
dangerous,3
custom,3
crashes,3
countries,3
contactar,3
consequences,3
conseguir,3
confused,3
conditions,3
closest,3
claims,3
cidade,3
causes,3
carefully,3
cancelen,3
cancela,3
brother,3
blocks,3
billed,3
biggest,3
besides,3
bastards,3
bankrupt,3
authentication,3
aumentan,3
attend,3
assume,3
arrangements,3
applying,3
anyways,3
anyway,3
anulat,3
annoyed,3
amsterdam,3
america,3
advice,3
adding,3
actions,3
across,3
achieve,3
accuracy,3
accountability,3
absurdo,3
worried,2
worlds,2
workplace,2
workers,2
wonderful,2
wanting,2
wallets,2
walker,2
voices,2
voicemail,2
violation,2
violating,2
victim,2
viagens,2
viagem,2
versus,2
vanished,2
vários,2
utterly,2
usuária,2
ustedes,2
usless,2
usando,2
urgency,2
upsell,2
unverified,2
unsuccessful,2
unsubscibe,2
unresponsive,2
unreal,2
unreachable,2
universe,2
unions,2
unfulfilled,2
unfamiliar,2
unexpectedly,2
understands,2
underpaid,2
underestimates,2
unavailable,2
unauthorized,2
ultimately,2
ubicación,2
ubergo,2
tricks,2
travels,2
traveler,2
transparency,2
transferred,2
toyota,2
totaly,2
totalmente,2
tomorrow,2
together,2
todavia,2
timely,2
time's,2
tienen,2
tiempos,2
throughout,2
thousands,2
there’s,2
theiving,2
theirs,2
thanksgiving,2
terrible,2
terminate,2
terminas,2
temporary,2
taxista,2
tapping,2
talked,2
tactic,2
surprising,2
surging,2
surely,2
suitable,2
suggestion,2
subscriptions,2
subscriber,2
subscribe,2
stupidly,2
struggle,2
strictly,2
stressed,2
stress,2
streets,2
strange,2
stopped,2
states,2
staring,2
specifically,2
special,2
spamming,2
sorted,2
somewhat,2
solución,2
society,2
sluggish,2
slowly,2
slightly,2
siguiente,2
show's,2
shorter,2
shocked,2
shield,2
shares,2
server,2
senior,2
seguridad,2
seemingly,2
seconds,2
searched,2
screwing,2
schofield,2
scheduling,2
scammer,2
satisfaction,2
ruined,2
rudely,2
routine,2
roaming,2
riyals,2
ridiculously,2
riddled,2
reversed,2
reverse,2
returned,2
retarded,2
resuelven,2
restrictions,2
restart,2
resolved,2
residential,2
resets,2
reporting,2
reporte,2
replying,2
replies,2
replied,2
replaced,2
repercussions,2
repeat,2
rented,2
remain,2
relying,2
relied,2
relative,2
rejection,2
reinstalled,2
registration,2
register,2
refuse,2
reflecting,2
reembolso,2
reducing,2
reduced,2
reduce,2
redressal,2
recurring,2
recourse,2
record,2
recomendo,2
receipt,2
reasponse,2
reasonably,2
reality,2
rateros,2
rápido,2
quieren,2
question,2
quedas,2
quadra,2
punjab,2
pulled,2
provider,2
proved,2
protection,2
propina,2
prompts,2
promises,2
promise,2
progressively,2
programmers,2
professional,2
processo,2
problems,2
privacy,2
primera,2
primer,2
priced,2
pretending,2
pressed,2
prepaid,2
premier,2
preferred,2
precise,2
praveen,2
pradesh,2
practically,2
potential,2
posible,2
poland,2
pointless,2
planned,2
phones,2
peyment,2
petrol,2
persons,2
personally,2
permite,2
permanently,2
periods,2
perhaps,2
percent,2
pentru,2
penelety,2
penalty,2
pedido,2
passngar,2
passes,2
pasajeros,2
pasado,2
partner,2
parked,2
parece,2
parabéns,2
pagando,2
péssimo,2
overwhelming,2
outros,2
outright,2
other's,2
originally,2
organisation,2
opinion,2
operations,2
operation,2
operates,2
operate,2
onwards,2
ongoing,2
official,2
εφαρμογή,2
εκτίμηση,2
οδηγούς,2
τουλάχιστον,2
αναμονή,2
october,2
occured,2
observed,2
nuevamente,2
noticing,2
normalmente,2
nights,2
nenhum,2
negotiation,2
needing,2
necessary,2
nearest,2
navigational,2
mwanda,2
muchas,2
mornings,2
monies,2
mistakes,2
miscalculated,2
minnesota,2
minhas,2
messaged,2
mensagens,2
mensagem,2
melhorar,2
mechanism,2
matters,2
mangte,2
mandado,2
manage,2
malicious,2
majority,2
maintenance,2
mainly,2
mailer,2
loyalty,2
looting,2
locking,2
located,2
loading,2
loaded,2
llegue,2
likely,2
license,2
leaves,2
laptop,2
ladies,2
lacking,2
koyembedu,2
klienta,2
kilometres,2
kilometer,2
kidnappers,2
keeping,2
justify,2
jackass,2
island,2
irrelevant,2
investigate,2
intentions,2
intention,2
insulting,2
instances,2
insisted,2
insanity,2
initiate,2
infuriating,2
informed,2
incorrectly,2
inconsistency,2
including,2
improving,2
illegally,2
ignore,2
hustle,2
hungry,2
humans,2
horribly,2
holding,2
hitting,2
here's,2
helpless,2
helpdesk,2
heading,2
havent,2
hassle,2
harassed,2
hanging,2
handled,2
hailing,2
hacked,2
greatly,2
grabbing,2
goodbye,2
goddamn,2
global,2
glitching,2
genuinely,2
genuine,2
general,2
gauging,2
furthest,2
functions,2
fraudster,2
forget,2
fooling,2
follows,2
flooded,2
flaked,2
finish,2
finest,2
filled,2
female,2
february,2
fazendo,2
favour,2
faceless,2
extranjero,2
extortion,2
extending,2
explaining,2
explained,2
experiece,2
exists,2
existing,2
excessive,2
exactly,2
events,2
estrelas,2
estafa,2
escalations,2
escalated,2
errores,2
errands,2
entitled,2
entering,2
entered,2
enquanto,2
english,2
enfrente,2
energy,2
endereço,2
encountered,2
encontra,2
encontró,2
enabled,2
embarrassing,2
electronic,2
efforts,2
editing,2
economy,2
dynamic,2
downhill,2
distracting,2
dissatisfaction,2
disrespect,2
displaying,2
dismal,2
dishonesty,2
disgusting,2
discussing,2
discrepancy,2
discounted,2
disaster,2
disappeared,2
disappear,2
disagreed,2
directing,2
dinámica,2
dikhate,2
developer,2
deteriorated,2
detected,2
detail,2
después,2
desperately,2
desired,2
design,2
deserves,2
description,2
desagradable,2
depending,2
departure,2
demand,2
deliveries,2
dekhata,2
decreasing,2
decline,2
decision,2
deceive,2
debited,2
deactivated,2
damaged,2
customer's,2
currency,2
culture,2
cuesta,2
cuales,2
crypto,2
criteria,2
creating,2
courier,2
country,2
couldn’t,2
corrupt,2
corrected,2
corner,2
contra,2
continually,2
content,2
contacts,2
consumidores,2
constantemente,2
consequently,2
confusing,2
conflict,2
confirms,2
conductors,2
comprehend,2
complications,2
compliant,2
complex,2
complent,2
complaining,2
competitor,2
competition,2
compensated,2
commute,2
commit,2
commission,2
coimbatore,2
coches,2
cobraron,2
cobrando,2
cluttered,2
clunky,2
closing,2
closes,2
client,2
circumstances,2
circled,2
choices,2
chicken,2
cheater,2
chargeback,2
centro,2
celular,2
caused,2
category,2
cashback,2
carrera,2
cardiff,2
captain,2
cantidad,2
cansal,2
cancer,2
cancels,2
cancelou,2
cancelam,2
cancelaban,2
canceló,2
buying,2
buscas,2
buscar,2
buenos,2
browser,2
broked,2
bristol,2
breaks,2
breakdown,2
boundaries,2
boarded,2
bloated,2
birthday,2
bigger,2
bengal,2
belgaum,2
battamizi,2
basura,2
banned,2
aveces,2
authorized,2
authorities,2
authorisation,2
attitude,2
attempted,2
attach,2
atención,2
asteptare,2
assured,2
assistir,2
assigns,2
aspect,2
artists,2
arreglen,2
appropriate,2
appreciate,2
applies,2
appear,2
appalling,2
aplicatie,2
aparte,2
anybody,2
answering,2
alternate,2
allows,2
allotted,2
airports,2
ahmedabad,2
agartala,2
afterwards,2
africa,2
affected,2
advertised,2
advertise,2
addressed,2
addition,2
acepta,2
aceitam,2
accessible,2
accessibility,2
wrongful,1
worsened,1
worries,1
worker,1
witing,1
withount,1
withing,1
withdrawing,1
withdraw,1
wasint,1
warsaw,1
wanton,1
walkers,1
waitting,1
waiters,1
waisted,1
wainting,1
wahiyat,1
vuelven,1
vuelto,1
vueltas,1
vuajes,1
voniki,1
voltou,1
voltar,1
visualização,1
visitors,1
visiting,1
viniki,1
vijendra,1
vietnamese,1
victoria,1
viajar,1
vetted,1
veryyy,1
verizon,1
verifying,1
verifique,1
verificación,1
verdadeiro,1
verdad,1
verbal,1
vender,1
vehículo,1
vechiles,1
vechile,1
vasuli,1
vashul,1
varias,1
varado,1
varada,1
vanishing,1
vanasthalipuran,1
valley,1
valiera,1
vahiyat,1
vacation,1
uttering,1
utilize,1
utilizando,1
utility,1
utilise,1
uthata,1
uthani,1
utarne,1
utarna,1
usuarios,1
usuario,1
usuários,1
useful,1
usarla,1
usable,1
urmare,1
urging,1
upfront,1
update05,1
upcoming,1
upcharging,1
upcharges,1
unworthy,1
untrustworthy,1
untrusted,1
untill,1
unsure,1
unsubscribing,1
unsolicited,1
unsatisfactory,1
unrequested,1
unrecognised,1
unrechable,1
unreasonably,1
unreasonable,1
unpredictable,1
unpleasant,1
unpatient,1
unnotified,1
unnessecery,1
unnamed,1
unlock,1
unloading,1
unknown,1
unjustly,1
unjustified,1
unjust,1
universal,1
unilaterally,1
unheard,1
unfortunate,1
unforseen,1
unfair,1
unexperienced,1
uneducated,1
undesirable,1
understood,1
underpaying,1
underpay,1
undependable,1
unconscious,1
unclear,1
uncivilized,1
unchecked,1
uncaring,1
unbearably,1
unaware,1
unavailability,1
unauthorised,1
unaffordable,1
unacceptably,1
unacceptable,1
ultimii,1
ultimate,1
ultimamente,1
ultima,1
ubereat,1
ubercharged,1
uber.uber,1
uber.so,1
uber.firstly,1
typing,1
typically,1
typical,1
twitter,1
twelve,1
turkiye,1
tundra,1
tuition,1
trustworthy,1
trusted,1
troubling,1
troubleshoot,1
trolley,1
tristeza,1
tripping,1
tripped,1
tripled,1
trip.what,1
trip.from,1
tricky,1
tremendously,1
treats,1
treatment,1
travrlling,1
travellers,1
traveller,1
traveled,1
trauma,1
transtornos,1
translations,1
translate,1
transferir,1
trajeran,1
training,1
tragiczna,1
trafico,1
traffick,1
traffeling,1
traduzindo,1
tradução,1
trading,1
tradicional,1
tracks,1
trabalhador,1
toward,1
touched,1
tot:soferul,1
torturing,1
toronto,1
toppled,1
tooooo,1
tondarli,1
tomaban,1
tolerate,1
tolerance,1
toldme,1
today's,1
today.my,1
tocado,1
tiskodu,1
tirupati,1
tirarem,1
timpul,1
timing's,1
timepass,1
time.and,1
tightly,1
tification,1
tienes,1
thursday,1
thrives,1
thrice,1
threatened,1
threat,1
thread,1
thousand,1
thompsoned,1
thigya,1
thieving,1
thievery,1
theyre,1
they’re,1
theres,1
therefore,1
thereafter,1
then.this,1
them.being,1
theives,1
theater,1
that’s,1
thanking,1
tg850g,1
texted,1
tested,1
terror,1
terrified,1
terribly,1
termino,1
terminated,1
terminamos,1
terminalului,1
terminado,1
teriam,1
tentative,1
teniendo,1
tenido,1
tengamos,1
temporada,1
template,1
temperatures,1
teleports,1
telefonul,1
telefonu,1
teléfono,1
teenagers,1
teclado,1
technically,1
teasing,1
taximetriști,1
taxi's,1
tarvatha,1
targeting,1
tapped,1
tantamount,1
talegaon,1
taksówka,1
taklif,1
taiwan,1
tactics,1
téléphone,1
tácticas,1
systems,1
synchronized,1
sympathy,1
sylacauga,1
swrvice,1
suuport,1
survey,1
surprised,1
surcharges,1
surcharged,1
supprime,1
suppose,1
supporting,1
supplement,1
suporte,1
supervisor,1
supermarket,1
sunday,1
summit,1
sulligadu,1
sukhdev,1
suggested,1
suffocating,1
sufficient,1
suffering,1
suelen,1
sucking,1
suckier,1
sucker,1
sucios,1
succession,1
successfully,1
successful,1
succeeded,1
subtotaled,1
subtitle,1
substandard,1
subsidize,1
submitted,1
submission,1
stupidity,1
stupid,1
stuffs,1
stucks,1
ststem,1
struggling,1
struggled,1
structured,1
struck,1
strong,1
strict,1
strefy,1
streak,1
stranding,1
stories,1
stores,1
storage,1
stompando,1
stolen,1
stipulate,1
stinks,1
sticking,1
steeling,1
staying,1
stayed,1
stations,1
statements,1
starving,1
starters,1
stared,1
starbucks,1
stands,1
standars,1
squeeze,1
spread,1
spotless,1
spooked,1
splendor,1
spiral,1
spiking,1
spends,1
spenard,1
speeding,1
specializes,1
specialist,1
speaking,1
spammy,1
spammed,1
spadina,1
soured,1
sources,1
sounds,1
sosiri,1
sonipat,1
somethings,1
something's,1
someother,1
somedays,1
someday,1
solved,1
solicitud,1
solicitando,1
solicitação,1
solely,1
soldier,1
softwares,1
soferii,1
soferi,1
soending,1
soecufic,1
sobretodo,1
soaking,1
soaked,1
snowing,1
sneaky,1
smoothly,1
smoother,1
smoking,1
smelled,1
smartly,1
smaller,1
slimey,1
slight,1
slider,1
sleepy,1
slashed,1
slacking,1
skyrocketed,1
skyrocket,1
skipping,1
skills,1
skewed,1
sketchy,1
sketch,1
skegness,1
situación,1
singura,1
sincere,1
silicon,1
silencio,1
siguen,1
signing,1
siendo,1
sickening,1
shuttl,1
shudhi,1
showen,1
shouting,1
shouted,1
shortly,1
shop's,1
shonar,1
shoddy,1
shittest,1
shifted,1
sheffield,1
shameless,1
shambles,1
shadow,1
shaddow,1
setting,1
setime,1
sessão,1
servixe,1
servises,1
servise,1
servio,1
serving,1
servies,1
servicios,1
services.its,1
service.if,1
service.i,1
serviços,1
servía,1
seriousness,1
seriosuly,1
serching,1
sequence,1
seperately,1
separation,1
sentido,1
sentence,1
sensul,1
sensitive,1
sensible,1
senseless,1
semanas,1
semana,1
semáforos,1
selling,1
selective,1
selecionam,1
seldom,1
seguro,1
segundos,1
seguido,1
seedha,1
securing,1
secured,1
sector,1
secretly,1
secondary,1
seater,1
season,1
seaside,1
scrooged,1
scrolling,1
scroll,1
script,1
screwed,1
screens,1
screams,1
scratching,1
scorching,1
scooters,1
scoldingme,1
scolding,1
scheme,1
scenarios,1
scenario,1
scares,1
scared,1
scanning,1
scamsters,1
scamer,1
scam.they,1
scaling,1
saving,1
satisfactory,1
satellite,1
sarker,1
saport,1
sanguessuga,1
sanctioned,1
samuilla,1
samaye,1
saloon,1
safery,1
sacaneavam,1
sabotaged,1
sabiendo,1
słyszałem,1
rxpists,1
ruthless,1
rusted,1
rushed,1
ruppes,1
ruining,1
ruchut,1
routes.for,1
route.uber,1
rounds,1
rounded,1
rostro,1
rosie's,1
romania,1
românul,1
românii,1
robust,1
robotic,1
robbing,1
robarle,1
roadworthy,1
ripoff,1
ringing,1
riksha,1
ridings,1
ridicule,1
rideshares,1
ride's,1
ride.so,1
riddle,1
rămâne,1
revision,1
revisa,1
reviewing,1
reviewer,1
reviewed,1
reverts,1
reverted,1
revert,1
reversing,1
reversal,1
revenue,1
returns,1
retrieve,1
retrieval,1
retour,1
retiros,1
reting,1
retake,1
retain,1
restarting,1
respuestas,1
responsibly,1
responsibilities,1
responsable,1
respondieron,1
responder,1
responden,1
respondem,1
responde,1
responce,1
respectively,1
respectful,1
resource,1
resort,1
resolver,1
resolvendo,1
residence,1
reserving,1
reservation,1
research,1
rerouting,1
reroutes,1
requiring,1
requires,1
requirements,1
requirement,1
require,1
requiere,1
requeested,1
reputative,1
republic,1
representatives,1
reportar,1
reportado,1
reporta,1
replay,1
replacement,1
replace,1
repeatly,1
repartidores,1
repair,1
república,1
reorder,1
renunta,1
renting,1
rentals,1
renigunta,1
renewed,1
rendered,1
rename,1
removr,1
removes,1
removí,1
remind,1
remember,1
remediation,1
remained,1
remainder,1
reluctant,1
reloaded,1
reload,1
reliably,1
reliability,1
relevant.i,1
releases,1
released,1
release,1
relaxed,1
relativamente,1
relation,1
related,1
relacionado,1
rejecting,1
rehenge,1
regulatory,1
regulated,1
regulate,1
regulación,1
regret,1
registrar,1
regimented,1
regards,1
regarde,1
regard,1
refused,1
refunding,1
refreshes,1
refresh,1
refrain,1
refound,1
referring,1
referentes,1
redundantes,1
redundant,1
reducidas,1
redownloaded,1
redirecionamentos,1
rediculous,1
redicilous,1
redeeming,1
redeem,1
reddit,1
recusem,1
recusam,1
recruit,1
recordings,1
recording,1
reconsidering,1
reconsider,1
reconfirm,1
recommendation,1
recommend,1
recomiendo,1
recomendable,1
recognize,1
recognised,1
recognise,1
recogerme,1
reclamo,1
reclame,1
reclamație,1
recklessness,1
recieve,1
recevice,1
recentemente,1
recente,1
receives,1
receipt's,1
recebi,1
recebeu,1
receber,1
rebajos,1
reasons.i,1
reasoning,1
reapond,1
realtime,1
realizar,1
realizó,1
realice,1
reader,1
reackons,1
reaching,1
reaches,1
rate.paid,1
ranking,1
rampant,1
ramming,1
rakesh,1
rajahmundry,1
raider,1
różnie,1
quotes,1
queries,1
queried,1
querendo,1
quejas,1
quedan,1
qualité,1
qualifies,1
qualidade,1
quadruple,1
quadro,1
qu'ils,1
pushes,1
pushed,1
purugulu,1
purposefully,1
purely,1
purchasing,1
punish,1
punctual.and,1
pulavale,1
puffing,1
puebla,1
puckup,1
puchos,1
publish,1
proving,1
providence,1
provas,1
protocols,1
protects,1
protections,1
protect,1
propose,1
proportionally,1
propio,1
properenglish,1
propagandas,1
propósito,1
proofs,1
pronto,1
promptly,1
promptings,1
prompt,1
promoters,1
promote,1
projecting,1
progress,1
programmed,1
program,1
profound,1
profits,1
profitable,1
profitability,1
profermence,1
profeasional.however,1
productive,1
procurar,1
processing,1
processes,1
processamento,1
proceeds,1
proceeded,1
proceed,1
procedure,1
proceding,1
proceder,1
problematic,1
problemas,1
problema,1
prmoshan,1
private,1
prisas,1
prioridad,1
principio,1
principalmente,1
primero,1
primary,1
pricier,1
prices.i,1
pricacy,1
preventive,1
presume,1
presumably,1
prestigio,1
pressing,1
presented,1
presenta,1
presenté,1
present,1
preluat,1
prefiro,1
preferring,1
preferences,1
preference,1
predefined,1
preciso,1
precisely,1
precisam,1
precisa,1
prebooked,1
prebook,1
preços,1
praticamente,1
próximo,1
préparer,1
prédio,1
prática,1
powiadomienie,1
pothav,1
potentially,1
potato,1
posting,1
possibility,1
português,1
portion,1
portanto,1
portal,1
portão,1
populous,1
population,1
popular,1
ponder,1
politicas,1
politcas,1
pokrytie,1
poison,1
points,1
pointing,1
pohochane,1
pocket,1
plummeted,1
plssss,1
plătite,1
plecat,1
pleasure,1
pleaded,1
played,1
plataforma,1
planet.they,1
planet,1
plague,1
pistol,1
pirate,1
pipels,1
piorando,1
pionera,1
pinged,1
piloto,1
pillion,1
pierdes,1
pierden,1
pieniądze,1
pictures,1
pichle,1
physics,1
physically,1
physical,1
photos,1
phishing,1
philippines,1
pettukuna,1
peticion,1
pestilence,1
pessoal,1
pessoa,1
pessengers,1
perspective,1
personas,1
persona,1
person's,1
persistent,1
persist,1
permitted,1
permitiendo,1
permitan,1
permissions,1
periodically,1
perguntas,1
perguntar,1
performing,1
performed,1
perfeitamente,1
perdiendo,1
perdidos,1
perderem,1
percentage,1
peores,1
penalties,1
penalized,1
penalizaban,1
penalised,1
penalise,1
peligroso,1
pehale,1
pegando,1
peak.offering,1
paymet,1
paycheck,1
payback,1
payable,1
pay.sometimes,1
pausing,1
paused,1
paucity,1
pattina,1
patternish,1
pathetically,1
pathetic.drivers,1
pasting,1
pastes,1
pasted,1
passport,1
passkey,1
passanger,1
passam,1
passageiros,1
pasaron,1
partners,1
partner's,1
particularly,1
parters,1
parents,1
parent,1
parecia,1
parecer,1
parasite,1
paquetes,1
paperwork,1
pantallaso,1
panamá,1
palhaçada,1
pairing,1
paired,1
painful,1
pahunch,1
pahale,1
pagues,1
paguen,1
paguei,1
pagarle,1
pagandolo,1
pagamos,1
pagados,1
pagaba,1
pacote,1
płatne,1
pérdida,1
overtake,1
oversight,1
overrated,1
overlays,1
overdue,1
outraged,1
outdated,1
ostatni,1
organization,1
organic,1
orecio,1
ordinary,1
order.they,1
optionto,1
opting,1
oppostie,1
opposed,1
operating,1
operated,1
operandi,1
opcional,1
opcion,1
ontario,1
onboarding,1
onboard,1
okk.but,1
ofuber,1
oftentimes,1
ofrecen,1
ofrece,1
offspring,1
offlate,1
officially,1
offices,1
officer,1
offenders,1
offender,1
offended,1
excessively,1
exceptions,1
exceptional,1
excellent,1
exceeded,1
exaggerated,1
exageradas,1
exageradamente,1
evitar,1
evidencia,1
everyway,1
everythime,1
everyone's,1
everthing,1
evaluará,1
european,1
europe,1
ethics,1
etcétera,1
estrictamente,1
estrella,1
estornou,1
estipula,1
estimator,1
estimaciones,1
estava,1
estafan,1
estafadores,1
estafó,1
establish,1
estúpidamente,1
estándar,1
essentially,1
esquina,1
esquema,1
especialmente,1
escrevendo,1
escassez,1
escasez,1
escalate,1
erroneous,1
erodes,1
equivico,1
equates,1
equalizer,1
enviar,1
envian,1
envíen,1
envían,1
entrego,1
entrega,1
entrances,1
entrada,1
entonces,1
entity,1
entirely,1
entiende,1
entendi,1
enshittified,1
enroute,1
enrolled,1
enrich,1
enraged,1
enojado,1
enjoyed,1
engaged,1
engañosos,1
enforced,1
endereços,1
encuentran,1
encubridores,1
encourages,1
encourage,1
empurrar,1
emptor,1
empresa,1
empowers,1
employyes,1
employs,1
employee,1
empezar,1
emergencies,1
embarrassment,1
embarque,1
embargo,1
embarassing,1
emailing,1
else's,1
eligibility,1
elderly,1
eitherway,1
egoistic,1
eficaz,1
efficiency,1
edited,1
editable,1
eastern,1
earned,1
duration,1
durante,1
ducking,1
dubious,1
dubble,1
dsputes,1
dryvers,1
drriver,1
drivier,1
driveway,1
drivers'll,1
drivera,1
driver’s,1
drinks,1
driect,1
dreadful,1
dragging,1
downwads,1
downside,1
downgraded,1
downgrade,1
doubtful,1
doubling,1
dorothy,1
doorstep,1
donwload,1
done_now,1
donald,1
don't_know,1
dominicana,1
dominant,1
dollara,1
dokhaaaaa,1
doings,1
dogshit,1
doesn’t,1
documento,1
documentation,1
dobles,1
doblando,1
divise,1
divers,1
diverging,1
diver's,1
disturbing,1
distressed,1
distinctly,1
distant,1
distancia,1
distanation,1
dissolve,1
dissatisfied.on,1
disreputable,1
disputing,1
disputes,1
disponível,1
displays,1
dispatched,1
dislikes,1
dislike,1
disheartening,1
disheartened,1
disgusted,1
disguised,1
disfunctional,1
discussion,1
discussed,1
discuss,1
discriminatory,1
discrepancies,1
discreetly,1
discouraged,1
disconnecting,1
discard,1
disastrous,1
disapponited,1
disapointing,1
disapointed,1
disable,1
direto,1
direcionadas,1
dinâmico,1
dinámicas,1
dikhaye,1
dikhakar,1
digitally,1
difficulty,1
difficulties,1
diferentes,1
difícil,1
diesnt,1
didnot,1
diario,1
dhund.na,1
dhukiye,1
dhikha,1
devuelve,1
devolvieron,1
devloped,1
devier,1
devenit,1
development,1
developers,1
developed,1
determine,1
detect,1
detalle,1
destroyed,1
despues,1
despise,1
desnecessários,1
desmadre,1
desktop,1
desisntalé,1
desinstalando,1
desinstalé,1
designar,1
deshonestos,1
desgraça,1
deselected,1
deseas,1
desear,1
descuento,1
descorteses,1
desconto,1
desconectan,1
descargar,1
desapareció,1
desafortunadamente,1
deployed,1
depends,1
dependiendo,1
dependant,1
depatures,1
departare,1
denuncia,1
dentro,1
demorar,1
demorando,1
demoran,1
demoram,1
democracy,1
demeritado,1
demands,1
demanded,1
demande,1
demais,1
deliverer,1
delivered.i,1
delievery,1
deliberately,1
deliberate,1
delaware,1
del.costo,1
dejarme,1
deixem,1
deixar,1
deixam,1
deiver,1
dehati,1
degree,1
degrading,1
definition,1
defined,1
deficiente,1
default,1
deeply,1
deducts,1
deductions,1
deduction,1
decreased,1
decorrência,1
declining,1
decisions,1
decipher,1
decides,1
deception,1
decepcionante,1
decepcionado,1
deceiving,1
debits,1
debilitating,1
debido,1
deberian,1
deberia,1
debería,1
deactivate,1
davenport,1
daunting,1
dashboard,1
dangerously,1
danger,1
damned,1
damage,1
dallas,1
dabayaa,1
d'avoir,1
cynical,1
cylinders,1
cycled,1
cyberterrorists,1
cutomers,1
custumer,1
custumar,1
customs,1
customer.uber,1
custkmer,1
cursele,1
cuntyness,1
cumishan,1
cumenzi,1
culprits,1
cuidado,1
cuestión,1
cuentas,1
cualquier,1
ct8803,1
crying,1
cruzar,1
crucial,1
crowded,1
critical,1
crisis,1
criminals,1
creeps,1
credito,1
credited,1
creditcards,1
creates,1
creasca,1
crawling,1
crashed,1
cramming,1
cradock,1
cracking,1
covers,1
covering,1
coverage,1
coustmer,1
county,1
countless,1
counting,1
counted,1
costumers,1
costar,1
costando,1
corrupted,1
corrigir,1
corresponding,1
correo,1
correcto,1
correcting,1
cornerstone,1
copyrighted,1
copied,1
coordinate,1
cooperative,1
convinced,1
convince,1
conveyance,1
convert,1
conversion,1
conversatia,1
conventional,1
conveniently,1
controls,1
controlled,1
controler,1
continuoulsy,1
continuem,1
continual,1
continúan,1
contest,1
contar,1
contain,1
contactarse,1
consultation,1
constumer,1
constructed,1
consolation,1
consequence,1
consegue,1
consecutive,1
consecuencia,1
connectivity,1
congratulations,1
congratulating,1
congestion,1
confusão,1
confronted,1
conflicts,1
confirmo,1
confirmacion,1
confidently,1
confiar,1
conference,1
conduct,1
condomínio,1
concurrence,1
concorrências,1
concert,1
concentration,1
concentrate,1
concent,1
comunista,1
comunicarse,1
computer,1
compte,1
compromissos,1
comprobante,1
comprado,1
complicity,1
completly,1
completes,1
completa,1
complaint.charge,1
complains,1
compitators,1
competitivo,1
competitive,1
competidores,1
competent,1
competencia,1
compensating,1
compelled,1
compay,1
comparison,1
comparing,1
comparar,1
comparación,1
company's,1
compan̈ia,1
compaint,1
commuters,1
commuter,1
communication,1
communicates,1
communicated,1
commonly,1
committing,1
committed,1
comming,1
commence,1
command,1
coming.in,1
comida,1
comfortable,1
cometiendo,1
comenzó,1
começar,1
come.refer,1
colsed,1
colossal,1
colorado,1
coloquei,1
colombianos,1
colocou,1
colocan,1
colocam,1
coloca,1
colocó,1
collegues,1
college,1
collection,1
collecting,1
colleagues,1
colleague,1
coffee,1
cobros,1
cobren,1
cobrarse,1
cobrarme,1
cobrança,1
cobram,1
cobrada,1
coaching,1
clownshow,1
clothes,1
closures,1
closure,1
clientes,1
clicked,1
cleared,1
cleans,1
cleaning,1
classing,1
classic,1
clarify,1
circus,1
circumstance,1
cineva,1
cierras,1
cientos,1
ciekawe,1
chutiya,1
church's,1
chupinchina,1
christmas,1
chosen,1
choosy,1
choking,1
chofer,1
children,1
chetha,1
chesthadu,1
chequei,1
cheper,1
chennai,1
chegou,1
chegar,1
chegada,1
chauffeurs,1
chatting,1
chatbots,1
chatbot,1
chargeing,1
chargeed,1
charge.very,1
channels,1
channelling,1
channel,1
chamar,1
challenging,1
chalke,1
chaire,1
chaging,1
chóferes,1
chófer,1
certinho,1
certian,1
certain,1
cerrarían,1
century,1
centric,1
centavos,1
cellular,1
celebration,1
celebrate,1
caveat,1
cavazos,1
causando,1
causado,1
caught,1
catching,1
castle,1
casino,1
cashless,1
cashier's,1
casetas,1
carteira,1
carrying,1
carriles,1
carrigeway,1
cargos,1
cargada,1
careless,1
caracter,1
car.so,1
caption,1
captin,1
captian,1
captains,1
capitalising,1
capital,1
capacity,1
cancled,1
cancelthe,1
cancelo,1
cancelletion,1
cancelles,1
cancellation.i,1
canceles,1
canceld,1
cancelations,1
cancelarme,1
cancelaram,1
cancelando,1
cancelamos,1
cancelamentos,1
cancelamento,1
cancelados,1
canceladas,1
cancelaciónes,1
camplen,1
camera,1
cambio,1
cambian,1
cambia,1
cambié,1
callkarne,1
callback,1
calculations,1
cabeça,1
cab.they,1
bycicle,1
buttons,1
busstand,1
busier,1
buscarme,1
buscábamos,1
bus.train,1
buffalo,1
buckled,1
bucharest,1
brought,1
brothers,1
brokers,1
broken,1
brocken,1
bringing,1
brindando,1
briefcase,1
bribery,1
breakup,1
breaking,1
breakfast,1
brazilian,1
brazil,1
boyfriend,1
boycott,1
bounds,1
bounces,1
bounce,1
bottomline,1
bottom,1
bothered,1
bother,1
boring,1
borderline,1
bookola,1
bookinv,1
bombard,1
bolt.i,1
bologna,1
bodies,1
bochulo,1
bleeding,1
blatant,1
blaming,1
blackout,1
bkwassssssssss,1
biting,1
binding,1
billions,1
bilive,1
bikers,1
biggie,1
bhopal,1
bharose,1
bharosa,1
bharni,1
bharasa,1
bhadwe,1
bettet,1
betray,1
berlin,1
benifit,1
benefit,1